{"cameraMode":{"drawMode":0,"name":"Shaded","section":"Shading Mode"},"sceneLighting":false,"audioPlay":false,"sceneViewState":{"m_AlwaysRefresh":false,"showFog":true,"showSkybox":false,"showFlares":true,"showImageEffects":true,"showParticleSystems":true,"showVisualEffectGraphs":true,"m_FxEnabled":true},"in2DMode":false,"pivot":{"x":81.74681091308594,"y":4.77385139465332,"z":6.442152976989746},"rotation":{"x":0.03419393673539162,"y":0.002396785421296954,"z":-0.00008667520887684077,"w":0.9994247555732727},"size":43.93679428100586,"orthographic":false}